Еріка,Шиян,uderevianko@example.com,65Yfq)!+*S,2003-07-28
Валентина,Рябченко,ievtushenkoieva@example.org,!V3b^JBoa),1999-03-13
Роман,Сіробаба,ostapchukdaryna@example.com,QA&FRY7b+4,1997-04-28
Пармен,Верес,udovenkosymon@example.net,kr0*bTg^)O,1999-06-25
Єлисей,Петлюра,bohodar48@example.org,(d7feXRf*6,2003-09-17
Аарон,Слюсар,iustynarak@example.org,h0YDXNkP#q,1999-06-12
Аарон,Рубан,klymentlevchenko@example.net,Z0dYx28h%q,2004-12-15
Ліза,Чаленко,dashkevychievhen@example.net,q*9LAG@v5M,1997-11-29
Амалія,Терещенко,nesterenkonadiia@example.net,&P26bHjB$g,2004-08-07
Тетяна,Цимбал,vitaliidrobakha@example.com,vn3SGUxGH+,2002-10-18
Макар,Даниленко,chuikonataliia@example.net,%T(j&HYeH9,2001-02-01
Еріка,Карась,wbabiichuk@example.org,sbl8MOj2(%,1997-09-01
Людмила,Притула,fvasylenko@example.com,25XieKaw+k,1996-06-01
Лесь,Цимбал,prytulahlib@example.com,4g*+#zda+Q,1998-07-08
Ілля,Щербань,aleksiichukiustyna@example.org,4+!ROHnx*6,2002-06-29
Марко,Чабан,ddarahan@example.net,^64)pVoI40,2003-09-16
Аврелій,Єременко,datsenkoiosyp@example.org,F^3Hfcyd+H,2004-07-09
Демид,Олійник,tovstukhaolha@example.net,J3Yav98!#w,2005-01-21
Віолетта,Лагода,eduardtsymbal@example.net,Wk2CsQ_#z!,2002-05-15
Вадим,Гайворонський,galagansnizhana@example.com,^C6EG%Ep%5,2003-10-02
Галина,Макогон,hrechanykarkadii@example.net,dyS_R7NbLy,1996-09-21
Леон,Чайка,amaliia52@example.org,!4ICXq8kkf,2002-08-28
Миколай,Єрченко,priska09@example.org,j$P#5ZVkzs,1996-03-29
Анжела,Василевич,bohuslava63@example.org,%uApU1An*1,1998-07-29
Захар,Андрієвич,sheremetvioletta@example.org,+2Q@DBdp4b,1999-07-11
Розалія,Макаренко,ievhen17@example.com,#7g315DipL,1999-11-17
Роксолана,Цушко,artemperebyinis@example.net,AHQWv5Ge%^,2004-01-31
Тетяна,Юхименко,xkhmara@example.net,W7w9Uy+i($,1996-08-08
Віталій,Бездітко,iprytula@example.com,#Ui7tXLw+6,1998-01-17
Віталій,Жарко,mykhailyna00@example.net,)lg0Se1g3$,1999-03-31
Любов,Ванченко,halynaartiukh@example.net,wn39Ykit_E,1999-02-01
Альбіна,Бандура,albert52@example.org,8alfiXut&K,2004-04-29
Тимофій,Артеменко,teodorkorzh@example.org,51%1VPsriz,2000-03-04
Спас,Абраменко,oleksa46@example.org,r95B3gkn#I,1999-03-19
Орхип,Данькевич,devdiukada@example.org,O8D4wYGt)q,2004-11-28
Григорій,Ємельяненко,larysabaranets@example.net,54_16UpXG+,1997-11-07
Микита,Литвин,xshelest@example.org,%0dNSu4x2h,1996-04-12
Артем,Іваничук,iakymenkoroman@example.net,!q3mU80d!F,1999-10-11
Олекса,Щорс,jiatseniuk@example.com,(a4PD#ns)N,1997-08-17
Оксенія,Дерегус,snizhana81@example.com,(x7TkXlys%,2001-06-29
Емілія,Міщенко,semenpiatachenko@example.net,3J0Ve*jO(*,2001-01-10
Нестор,Ващенко,nvysochan@example.net,*R%Gt2Spou,2003-11-04
Борис,Лукаш,iustynacherinko@example.org,@#5Zs3Pjla,1997-11-22
Віктор,Остапчук,vadym93@example.com,3V3qTWSvB^,2004-05-04
Яків,Данько,kylymnykfrants@example.com,2(5qM@))Zz,1996-09-03
Святослав,Кащенко,mazurbohuslav@example.org,$mfOhjP$9d,2005-01-03
Богодар,Шеремет,martyndanylenko@example.net,C*8X(h&yJ!,1997-04-18
Святослав,Пилипенко,saliisviatoslav@example.com,xGV5WLYi#d,2005-01-20
Тарас,Давиденко,vadymchervonenko@example.com,c8Hboulx$q,1997-07-30
Зиновій,Худобʼяк,oles89@example.com,DQ0nRkAdR%,1999-05-15
Вікторія,Ємець,zakhar29@example.org,*JHmBD+h8Z,1996-10-29
Леонтій,Аверченко,mstets@example.com,0GS5*bGn$5,2004-12-11
Нестор,Деревʼянко,zzhalilo@example.org,kAT6Vq_U%+,2003-05-06
Ольга,Верховинець,vashchukherman@example.net,z9)Zfygv)8,1999-02-28
Болеслав,Алексеєнко,khudiakorkhyp@example.com,*YWFwqfZQ6,1999-09-10
Надія,Василевич,valentynaiakymenko@example.com,cHV18S6l)4,2002-07-03
Симон,Павленко,verhunerika@example.org,+8iIY8xqgY,2001-11-11
Антон,Євдокименко,jderehus@example.net,@oMP*FSqH0,2003-08-02
Розалія,Гузенко,ghavryshkevych@example.com,@i!29Kmst!,1999-03-27
Софія,Дутка,masliakvalentyna@example.org,EO6Mrxp+*e,1996-03-11
Омелян,Гунько,whohol-ianovskyi@example.com,u*yy4D5sHA,1999-12-06
Владислав,Конопленко,alinaderkach@example.net,!9fQQLgcZL,2003-12-08
Прохір,Свириденко,lukian59@example.net,7KJsKlaq&_,2002-06-07
Амвросій,Якимчук,spaslaba@example.com,RMb1R5cb*6,1998-01-24
Кирило,Зайченко,tsiutsiuraklyment@example.org,$A7YLAioY+,2002-05-29
Демид,Рубець,banduraviktoriia@example.org,(tA17Bak$t,2004-10-21
Ярослав,Харченко,tokarpylyp@example.net,(0O3%(EK@g,1999-03-17
Богуслава,Рябець,karpenkomartyn@example.com,gP+BtpD^!0,2002-09-23
Августин,Ткаченко,avramchukmykhailyna@example.com,#qAWFiyOa8,2002-08-05
Ярослав,Христич,chekaliukkyrylo@example.com,G9@GHcSD^D,1998-09-21
Данило,Тягнибок,iaroslav20@example.org,@nG8aXQqMR,1998-09-15
Адам,Дуплій,marusiasomko@example.net,zJ0OBQsb%$,2000-12-17
Станіслав,Якимчук,teodoraleksandrenko@example.com,X9hwS!PQ^m,2000-12-19
Марʼяна,Оберемко,qiurchuk@example.net,0Ej13KBe^l,2000-09-13
Борис,Демʼянчук,poltavetsolena@example.org,@cB10Fy6xE,2004-03-08
Мілена,Абрамчук,gdevdiuk@example.com,(b3WMOi+@7,2003-08-26
Тарас,Балабан,garkhypenko@example.net,Uj0eE9LwG+,2001-08-12
Віктор,Юрченко,avramenkoamvrosii@example.com,&m04mcZpbs,1996-07-26
Спас,Гавриленко,baidaksviatoslav@example.org,0V(l0HpL9E,2002-01-31
Трохим,Ґерета,achervonenko@example.net,+WovfCHzn0,1999-11-15
Василина,Ващук,uprotsenko@example.net,AHI6Kd!bL),1996-02-20
Назар,Чумак,avhustynzasenko@example.com,&+K+7Ccl^(,2003-01-18
Артем,Адаменко,pchalenko@example.org,3(LFfQtT_3,2001-11-28
Світлана,Гаврилюк,vasylynakhorishko@example.net,5kPVbTIl+P,2002-03-25
Адам,Єщенко,marta19@example.org,a_V8rNylac,1996-09-10
Василина,Андріїшин,barabashdemyd@example.com,EZ0CLlQEJ*,1998-09-28
Опанас,Слюсар,havryshveniiamyn@example.org,my@1)Esa%W,2000-05-01
Аркадій,Ребрик,ostap35@example.net,Va2(dMhCP^,1997-07-19
Герман ,Ісаєвич,tychynaparmen@example.org,^hZhEqfU6Q,1996-06-24
Леонтій,Юрчук,bohuslav55@example.net,(6QasrVr$+,2004-04-23
Августин,Щириця,viktorvertyporokh@example.com,%aR)Yd+s38,1999-09-05
Олесь,Зінкевич,sliusarmilena@example.net,#VIL%GKt&5,1996-05-17
Теодор,Литвиненко,odarka81@example.com,NP7mWWJr*I,2001-02-10
Леонід,Мазепа,vdovenkoherman@example.net,gq%Oy6Wc3H,1998-09-25
Демʼян,Жайворон,rakarkadii@example.com,B#8TbkJq1y,2004-10-14
Розалія,Деряжний,ilchenkokamilla@example.org,KVq@6D)sXo,1999-01-22
Франц,Баранець,varvara16@example.com,$1Z9@um$3b,1997-10-31
Валентин,Лупій,aaronhuz@example.net,Cf54!KR5D(,2004-08-26
Леонтій,Остапчук,cnikoliuk@example.net,PS8FebzwV_,2003-12-29
Борислав,Їжак,iaroslavbashpolchenko@example.com,c7NDU!fh^m,2002-03-03
